<?xml version="1.0" encoding="UTF-8"?>
<project-private xmlns="http://www.netbeans.org/ns/project-private/1">
    <editor-bookmarks xmlns="http://www.netbeans.org/ns/editor-bookmarks/2" lastBookmarkId="0"/>
    <open-files xmlns="http://www.netbeans.org/ns/projectui-open-files/2">
        <group>
            <file>file:/C:/Users/sumiya/OneDrive/Documents/NetBeansProjects/pakkafinal/src/JFrames/SingUpFrame.java</file>
            <file>file:/C:/Users/sumiya/OneDrive/Documents/NetBeansProjects/pakkafinal/src/JFrames/HomePage.java</file>
            <file>file:/C:/Users/sumiya/OneDrive/Documents/NetBeansProjects/pakkafinal/src/pakkafinal/Pakkafinal.java</file>
            <file>file:/C:/Users/sumiya/OneDrive/Documents/NetBeansProjects/pakkafinal/src/hello.java</file>
            <file>file:/C:/Users/sumiya/OneDrive/Documents/NetBeansProjects/pakkafinal/src/JFrames/LoginFrame.java</file>
            <file>file:/C:/Users/sumiya/OneDrive/Documents/NetBeansProjects/pakkafinal/src/JFrames/prac.java</file>
            <file>file:/C:/Users/sumiya/OneDrive/Documents/NetBeansProjects/pakkafinal/src/HttpHelper.java</file>
        </group>
    </open-files>
</project-private>
